1,a3d82ae65dc62822f98fdeab87a4a9f91608246d,master,D:\Desktop\SoftwareEngineering2022\.git,stgong,2022-02-24 12:18:42
2,e1b04c580d664a0739a47cd09284bf38c15b8768,master,D:\Desktop\SoftwareEngineering2022\.git,stgong,2022-02-24 12:18:43
3,96885fb7f4168e38c4a2181030db96ee9c081a49,master,D:\Desktop\SoftwareEngineering2022\.git,hid_50dub5qlf_txtv_,2022-02-24 16:11:11
4,a3c362748c7c58d77df92fdf0fd039ea6f2e360e,master,D:\Desktop\SoftwareEngineering2022\.git,hid_50dub5qlf_txtv_,2022-02-24 16:12:52
5,14db9012cba0632c55ce493382d284585c846c2b,master,D:\Desktop\SoftwareEngineering2022\.git,徐靖文,2022-02-24 16:28:43
6,1e20868787251585b071802b294b9aea71d489b5,master,D:\Desktop\SoftwareEngineering2022\.git,XuJingWen,2022-02-24 16:43:02
7,db2186fefccf4e26ee6db2610f4de7f2091763e0,master,D:\Desktop\SoftwareEngineering2022\.git,hid_50dub5qlf_txtv_,2022-02-24 16:46:07
8,cf40272d87de9eb6b9fefac177665be7b5aee849,master,D:\Desktop\SoftwareEngineering2022\.git,XuJingWen,2022-02-24 16:59:40
9,ea0f32db20df72b046819a03b6bc6f459d1e4212,master,D:\Desktop\SoftwareEngineering2022\.git,XuJingWen,2022-02-24 17:45:31
10,2b9ba6ba3081ee609131d6bcebca1f630aedf62d,master,D:\Desktop\SoftwareEngineering2022\.git,XuJingWen,2022-02-24 18:09:47
11,6cf2f89d105a7c9cd39812f3ff01823048ee1d68,master,D:\Desktop\SoftwareEngineering2022\.git,hid_50dub5qlf_txtv_,2022-02-24 18:12:59
12,237bac36e0e0c857ac3f0532c82e099f889ae1f5,master,D:\Desktop\SoftwareEngineering2022\.git,hid_50dub5qlf_txtv_,2022-02-24 18:13:11
13,bf4d0e869e696242246161e6a8386cf14abdf5e4,master,D:\Desktop\SoftwareEngineering2022\.git,bmhtsx,2022-02-25 12:42:09
14,f57fe53ff711dc5c649d8406389959b7b87519b4,master,D:\Desktop\SoftwareEngineering2022\.git,TangShangxuan,2022-02-25 13:10:40
15,d1233232a178bf869a145f7ddd9060a79bb64446,master,D:\Desktop\SoftwareEngineering2022\.git,TangShangxuan,2022-02-25 13:13:50
16,38343f8e8d4f01edbfbe9469de4cdb91544f3b5a,master,D:\Desktop\SoftwareEngineering2022\.git,TangShangxuan,2022-02-25 13:15:40
17,59eb1371d16316a80668088d3c00453a3c6e1b48,master,D:\Desktop\SoftwareEngineering2022\.git,Wangjiayi,2022-02-25 22:57:00
18,77c522e93c827468eb9eab126dcc9ca49e616b6c,master,D:\Desktop\SoftwareEngineering2022\.git,Wangjiayi,2022-02-25 22:59:01
19,69610d7371320c97db0d5be4d4dfcb56c3d7e092,master,D:\Desktop\SoftwareEngineering2022\.git,Wangjiayi,2022-02-25 23:02:45
20,e9427558640d2fac9ed19f7757a82702ace3bb60,master,D:\Desktop\SoftwareEngineering2022\.git,Wangjiayi,2022-02-26 17:50:46
21,28f275a166ca1704207b1fcdfa8deb06684a5a05,master,D:\Desktop\SoftwareEngineering2022\.git,TomGhostSmith,2022-02-27 12:17:08
22,585b85b4fd013bfb1cc8b51fffac403bb48e0835,master,D:\Desktop\SoftwareEngineering2022\.git,TangShangxuan,2022-02-27 12:32:24
23,6976ed79dc65b23a1baf5e16a106e010e553a298,master,D:\Desktop\SoftwareEngineering2022\.git,GongShitao,2022-02-27 13:34:40
24,725ac6dd65be62f28943f9d37bdb235dcb3ce5d4,master,D:\Desktop\SoftwareEngineering2022\.git,bmhtsx,2022-02-27 13:40:57
25,13bff854f4d4034c61ab1d295c9316f48522a6c8,master,D:\Desktop\SoftwareEngineering2022\.git,GongShitao,2022-02-27 21:10:20
26,e5f0c764487e49ea51d7d2265ea4580068c7d56e,master,D:\Desktop\SoftwareEngineering2022\.git,GongShitao,2022-02-27 21:10:56
27,c4048b7241fe13a104d24298fdfbada9b51bdf4c,master,D:\Desktop\SoftwareEngineering2022\.git,GongShitao,2022-03-06 20:02:48
28,cd05d29a198bd2f781e235c35df0ff510635ab99,master,D:\Desktop\SoftwareEngineering2022\.git,GongShitao,2022-03-08 19:30:32
29,a526f4ba8610ea7e36e399c4fa8a9857a237647e,master,D:\Desktop\SoftwareEngineering2022\.git,GongShitao,2022-03-09 23:48:26
30,8645a183e0788378f7e328f8fa2081bf7672809c,master,D:\Desktop\SoftwareEngineering2022\.git,GongShitao,2022-03-09 23:52:42
31,6307ecabba80df698d0c536015551a16c038f573,master,D:\Desktop\SoftwareEngineering2022\.git,WangJiayi,2022-03-11 20:16:07
32,83156c3fb1c12ef9d22d79be393d83bb3f8038bd,master,D:\Desktop\SoftwareEngineering2022\.git,WangJiayi,2022-03-11 20:29:54
33,cdda95bcfa97e3757988c8391a4695f42e6a5870,master,D:\Desktop\SoftwareEngineering2022\.git,TangShangxuan,2022-03-12 18:56:38
34,c996af647f9b0ac5281c8fb77f971b7c1c6aebd6,master,D:\Desktop\SoftwareEngineering2022\.git,WangJiayi,2022-03-13 23:48:04
35,9fe5dc4adf85df419d2be8f92e6e4ab5f057ae69,master,D:\Desktop\SoftwareEngineering2022\.git,WangJiayi,2022-03-13 23:48:52
36,e87a97e2ae615dd473981634c9a43175b8b92bd7,master,D:\Desktop\SoftwareEngineering2022\.git,XuJingWen,2022-03-14 00:04:43
37,1459559671b8e85266a572ee1074d57557559337,master,D:\Desktop\SoftwareEngineering2022\.git,XuJingWen,2022-03-14 00:05:22
38,593e712b71bb4dbbc60cff6827c06a4d5a12f66d,master,D:\Desktop\SoftwareEngineering2022\.git,GongShitao,2022-03-14 15:15:23
39,a11f960872753099004a5a7298954c8deba4e76d,master,D:\Desktop\SoftwareEngineering2022\.git,GongShitao,2022-03-14 15:38:38
40,d38b6147477fb3775824031340f4e94d78ec635b,master,D:\Desktop\SoftwareEngineering2022\.git,GongShitao,2022-03-14 15:42:56
41,3d4d40eb57a71422c7d4a614f5aebc4c309738a8,master,D:\Desktop\SoftwareEngineering2022\.git,GongShitao,2022-03-14 15:49:32
42,8bdec49cd89220027ad0b863ae2520bb60e98835,master,D:\Desktop\SoftwareEngineering2022\.git,GongShitao,2022-03-14 16:02:58
43,ba8d41e4f77f6a30bf3c7e7ae8b88be55af5bfc4,master,D:\Desktop\SoftwareEngineering2022\.git,GongShitao,2022-03-14 16:19:18
44,dbdb60f759abea39b9161788ec0965415be1e25d,master,D:\Desktop\SoftwareEngineering2022\.git,XuJingWen,2022-03-16 12:31:41
45,966b79830c3966697562a6335277716884f4bf22,master,D:\Desktop\SoftwareEngineering2022\.git,WangJiayi,2022-03-19 23:01:31
46,ab2f7c6df5bfd9e32b14526c6d6c802d1aef65b9,master,D:\Desktop\SoftwareEngineering2022\.git,GongShitao,2022-03-19 23:52:10
47,88e596734a46217b1fdaf0860c6c71724e0c5833,master,D:\Desktop\SoftwareEngineering2022\.git,WangJiayi,2022-03-20 00:54:30
48,f0d7179d82fbbe75330fb71f1d44140ede8a09b5,master,D:\Desktop\SoftwareEngineering2022\.git,GongShitao,2022-03-20 04:50:57
49,f75343c3ece5ce1d814467d7b90202519e99a642,master,D:\Desktop\SoftwareEngineering2022\.git,GongShitao,2022-03-20 04:51:58
50,b12dbff229e1480458ed06254fa94b6ec8c0693a,master,D:\Desktop\SoftwareEngineering2022\.git,GongShitao,2022-03-20 04:52:53
51,323e63ee691d075fb53627483d13d9c2bb3dcb14,master,D:\Desktop\SoftwareEngineering2022\.git,GongShitao,2022-03-20 04:55:53
52,5eaa609f6a7559f2d92271040777766e94db3062,master,D:\Desktop\SoftwareEngineering2022\.git,XuJingWen,2022-03-20 13:46:34
53,89981a1bede2bb7e975fc0746e30310019dea323,master,D:\Desktop\SoftwareEngineering2022\.git,XuJingWen,2022-03-20 14:48:49
54,f86cfe646e75b1639591e1ba99430c2065b7ef5e,master,D:\Desktop\SoftwareEngineering2022\.git,TangShangxuan,2022-03-20 15:59:33
55,77d513e2d9f92d4dcd33c8e7abbffe683b879c74,master,D:\Desktop\SoftwareEngineering2022\.git,WangJiayi,2022-03-20 16:36:07
56,94f3ba72f243eab86c7c19abacda83729478253e,master,D:\Desktop\SoftwareEngineering2022\.git,GongShitao,2022-03-20 21:19:47
57,903a0a85a61045929145fd6da25098e8de0f9909,master,D:\Desktop\SoftwareEngineering2022\.git,GongShitao,2022-03-20 21:22:53
58,9aa547d2bbd8c7c2d35549f6dddafe5deebc0d28,master,D:\Desktop\SoftwareEngineering2022\.git,GongShitao,2022-03-20 21:24:08
59,e55b00c1e2775750ff7710d1b6f16cff86deee7b,master,D:\Desktop\SoftwareEngineering2022\.git,GongShitao,2022-03-20 23:02:47
60,a0e19f253e8f6aaa9f9d41f304c9638359b72feb,master,D:\Desktop\SoftwareEngineering2022\.git,GongShitao,2022-03-20 23:03:25
61,62c29a45a33c42c00379b76876adf79061c504a1,master,D:\Desktop\SoftwareEngineering2022\.git,GongShitao,2022-03-20 23:55:32
62,65bfb87d4f19e84908173c865464d995b741a267,master,D:\Desktop\SoftwareEngineering2022\.git,GongShitao,2022-03-20 23:58:52
63,638933da567d9bf969a0503f7b35f6616b41c3d7,master,D:\Desktop\SoftwareEngineering2022\.git,GongShitao,2022-03-21 12:33:57
64,f76c212c258f37fe08410e6323943f06dd092b10,master,D:\Desktop\SoftwareEngineering2022\.git,GongShitao,2022-03-21 12:35:08
65,c6cce1565f98f007449e407ec56f413e2f78bc40,master,D:\Desktop\SoftwareEngineering2022\.git,GongShitao,2022-03-21 12:44:58
66,e0338d0d5a97f2d4d92e378fb74b1a00094af58a,master,D:\Desktop\SoftwareEngineering2022\.git,GongShitao,2022-03-25 10:16:22
67,44fecdf7f2894c2e9df882f9c37f023e745b8b38,master,D:\Desktop\SoftwareEngineering2022\.git,GongShitao,2022-03-26 12:47:53
68,b9cda77677341e7e1ee489c00aa0d082176e5820,master,D:\Desktop\SoftwareEngineering2022\.git,GongShitao,2022-03-26 15:06:04
69,fb3d65edaeb2301c08ec9544951e0ed52b9de58e,master,D:\Desktop\SoftwareEngineering2022\.git,GongShitao,2022-03-27 19:52:35
70,086431cc13e5bbada56b7078ed774b728f20103c,master,D:\Desktop\SoftwareEngineering2022\.git,XuJingWen,2022-03-27 23:42:48
71,f8ea436e357bb9a5e34b005f03772b74abb9f12b,master,D:\Desktop\SoftwareEngineering2022\.git,XuJingWen,2022-03-28 22:51:12
72,7de24bc1ae1010eae345c4550a67b659a9f48840,master,D:\Desktop\SoftwareEngineering2022\.git,TangShangxuan,2022-03-30 17:16:10
73,e36e4d3205dc13c15f73a619501dacfa3d779f94,master,D:\Desktop\SoftwareEngineering2022\.git,XuJingWen,2022-03-30 21:15:42
74,7e11662305a08af8b334033434ad8ee19f257485,master,D:\Desktop\SoftwareEngineering2022\.git,XuJingWen,2022-03-30 23:21:21
75,342386ab13d7a3e125eec943ebb97d49d4ff61c4,master,D:\Desktop\SoftwareEngineering2022\.git,XuJingWen,2022-04-01 20:13:49
76,975c5555865801124b278b41d2cd6f526e515967,master,D:\Desktop\SoftwareEngineering2022\.git,TangShangxuan,2022-04-03 21:14:17
77,96ba8c89709c22332b9713fbb0db2481a1c8ca9e,master,D:\Desktop\SoftwareEngineering2022\.git,GongShitao,2022-04-04 15:40:39
78,f79b4653503604b70d61692a1574ca6f97711d22,master,D:\Desktop\SoftwareEngineering2022\.git,XuJingWen,2022-04-05 23:44:11
79,ccace467331508e678cc1d02d648eb5101680c08,master,D:\Desktop\SoftwareEngineering2022\.git,XuJingWen,2022-04-05 23:44:49
80,9b4476b03813a49535ccf73a620538339b40e990,master,D:\Desktop\SoftwareEngineering2022\.git,WangJiayi,2022-04-07 02:16:21
81,acc4a8598ba871871f745fe0b0edd7609bd8dd2b,master,D:\Desktop\SoftwareEngineering2022\.git,WangJiayi,2022-04-07 02:16:26
82,d382db73914df1e0abd45a262644a15526a0daee,master,D:\Desktop\SoftwareEngineering2022\.git,WangJiayi,2022-04-07 02:26:57
83,cad940e2be8b136f0ed9f1ec536541b15c43d897,master,D:\Desktop\SoftwareEngineering2022\.git,GongShitao,2022-04-07 14:47:32
84,fbcadad4af94f4b083b1a585d262dc9ebe9c344e,master,D:\Desktop\SoftwareEngineering2022\.git,WangJiayi,2022-04-07 14:59:19
85,13aa8d19edbe442f1aa671456739701d3c49bbbc,master,D:\Desktop\SoftwareEngineering2022\.git,GongShitao,2022-04-08 00:08:23
86,a6c25a5346d4e1396bf6006fe2844ffa285808eb,master,D:\Desktop\SoftwareEngineering2022\.git,TangShangxuan,2022-04-08 13:44:33
87,a1d5dbfe7632bdb9c484cb8c74a725e64c8e6cf6,master,D:\Desktop\SoftwareEngineering2022\.git,TangShangxuan,2022-04-08 18:01:27
88,5748ed1b6b81452940649e59e1fb1a3f7e9f8224,master,D:\Desktop\SoftwareEngineering2022\.git,TangShangxuan,2022-04-08 19:20:10
89,fe684e4735322e769aca246deed4798c102f7770,master,D:\Desktop\SoftwareEngineering2022\.git,TangShangxuan,2022-04-08 21:43:31
90,770a12954b736332f0fbf955da9e2eac60dd6faf,master,D:\Desktop\SoftwareEngineering2022\.git,WangJiayi,2022-04-08 23:38:41
91,7603d61e218c7a820d66b7c7fedad469fa25b21f,master,D:\Desktop\SoftwareEngineering2022\.git,WangJiayi,2022-04-09 02:01:56
92,3ffcbb0602a1d54fa175ee2c5faf17aac3c88a37,master,D:\Desktop\SoftwareEngineering2022\.git,XuJingWen,2022-04-09 11:25:56
93,3c919adbac5f02df67ca1d1ddd00b71f176ba722,master,D:\Desktop\SoftwareEngineering2022\.git,TangShangxuan,2022-04-09 13:35:04
94,5d226d86e8b5d8b5c86ebc99a40070abbb2342da,master,D:\Desktop\SoftwareEngineering2022\.git,TangShangxuan,2022-04-09 14:45:53
95,8b8315ba23656e887440c5dc5e8798fe3958bec4,master,D:\Desktop\SoftwareEngineering2022\.git,XuJingWen,2022-04-09 14:58:08
96,472fc343c35d9049605fe475004e4539b9d63a88,master,D:\Desktop\SoftwareEngineering2022\.git,TangShangxuan,2022-04-09 16:11:54
97,1662e6159edd4e0b4e2bc1e6d57b597023811958,master,D:\Desktop\SoftwareEngineering2022\.git,WangJiayi,2022-04-09 20:43:53
98,ca7cf8ab56d1eef9ca3c63d76a44954ed7a67898,master,D:\Desktop\SoftwareEngineering2022\.git,WangJiayi,2022-04-10 00:12:32
99,0cb70c5de24ad67a73501f5bf835d02b063c13d3,master,D:\Desktop\SoftwareEngineering2022\.git,WangJiayi,2022-04-10 00:16:49
100,a06aebe79fef882e7c9930b78612938e4642062d,master,D:\Desktop\SoftwareEngineering2022\.git,GongShitao,2022-04-10 00:20:40
101,8a80b0a6ddec409b99dbfc536de25502d4c9aa58,master,D:\Desktop\SoftwareEngineering2022\.git,WangJiayi,2022-04-10 09:25:11
102,1c0ddb4653f756756e9f1b4f7417f9fc5b97f0b3,master,D:\Desktop\SoftwareEngineering2022\.git,WangJiayi,2022-04-10 09:25:35
103,2badeef65d34869c5413fb3515794ce981518631,master,D:\Desktop\SoftwareEngineering2022\.git,WangJiayi,2022-04-10 16:29:37
104,f7cc67a12dd63975b096e0e92173fc3de7455a37,master,D:\Desktop\SoftwareEngineering2022\.git,XuJingWen,2022-04-10 16:51:31
105,38ade42c945156c1891eea3e27a93ce48c92d62b,master,D:\Desktop\SoftwareEngineering2022\.git,TangShangxuan,2022-04-10 19:26:30
106,81d8469dab61e123121106f26001e1d1e246cdad,master,D:\Desktop\SoftwareEngineering2022\.git,TangShangxuan,2022-04-10 20:46:06
107,ccb5f32e249c01265d88268931d642d77e43682a,master,D:\Desktop\SoftwareEngineering2022\.git,GongShitao,2022-04-10 21:45:51
108,b3678a73cc4dc5a3fc951d0ce31663582899263f,master,D:\Desktop\SoftwareEngineering2022\.git,GongShitao,2022-04-10 21:46:51
109,bfa645158c2b04afb3ea5af3e01bfc5e2eed8492,master,D:\Desktop\SoftwareEngineering2022\.git,GongShitao,2022-04-10 21:47:15
110,f7a0db8a39bc0c914e019a0b84fb76312a99765f,master,D:\Desktop\SoftwareEngineering2022\.git,GongShitao,2022-04-10 21:50:27
111,3acdcce11860e14d3957d75e0994289429a3ea40,master,D:\Desktop\SoftwareEngineering2022\.git,GongShitao,2022-04-11 09:42:37
112,8d98bf7e9df468c9feee575841b39924e900b25a,master,D:\Desktop\SoftwareEngineering2022\.git,GongShitao,2022-04-12 11:01:16
113,bb797f55ef3351a5a42eda9f1617f891aa938bbd,master,D:\Desktop\SoftwareEngineering2022\.git,GongShitao,2022-04-12 17:43:34
114,5731402d7b9ac99baafe950b316481daf08998d6,master,D:\Desktop\SoftwareEngineering2022\.git,GongShitao,2022-04-12 17:50:40
115,412c2d9afb55f9c0eae986065a882cb7f762eff9,master,D:\Desktop\SoftwareEngineering2022\.git,GongShitao,2022-04-12 17:55:22
116,c5df3be0390e7b5c2806bbcab859a3533921399f,master,D:\Desktop\SoftwareEngineering2022\.git,GongShitao,2022-04-12 17:59:31
117,8067ca4fcb99b66c51b3db6b13e1f977d4bb8835,master,D:\Desktop\SoftwareEngineering2022\.git,GongShitao,2022-04-12 18:26:00
118,ac2e616b54571fcb08687d5fc86432675d5f798f,master,D:\Desktop\SoftwareEngineering2022\.git,GongShitao,2022-04-12 23:48:41
119,98bf8bf874951027bb5e1590fc05e678c0308b35,master,D:\Desktop\SoftwareEngineering2022\.git,WangJiayi,2022-04-14 00:17:33
120,e115ea2cfd9fb18c479559944f402ebba9ee1384,master,D:\Desktop\SoftwareEngineering2022\.git,GongShitao,2022-04-15 15:15:24
121,0ad2ef1785385951c93a35b232384cad962affa5,master,D:\Desktop\SoftwareEngineering2022\.git,GongShitao,2022-04-15 22:22:43
122,067c97dd0402ca71675396161629833dfbd92e11,master,D:\Desktop\SoftwareEngineering2022\.git,GongShitao,2022-04-15 22:56:12
123,3651e224140c8065acee5999603905c2c36a513f,master,D:\Desktop\SoftwareEngineering2022\.git,TangShangxuan,2022-04-21 15:05:30
124,87883d9633658ee9a4dbe36acf8f886b47666e4a,master,D:\Desktop\SoftwareEngineering2022\.git,TangShangxuan,2022-04-21 15:36:42
125,6ff14338c44bbf71db7196044398c69d4bcc2f49,master,D:\Desktop\SoftwareEngineering2022\.git,GongShitao,2022-05-02 00:36:02
126,d96815543aa750398963655782d51997b49972eb,master,D:\Desktop\SoftwareEngineering2022\.git,GongShitao,2022-05-02 00:37:53
127,934166b7e0351c0299094006b42c9c1176672afa,master,D:\Desktop\SoftwareEngineering2022\.git,TangShangxuan,2022-05-05 15:23:34
128,426891b369788007a8f8caf6056a9a7e69e7e8c1,master,D:\Desktop\SoftwareEngineering2022\.git,TangShangxuan,2022-05-18 19:46:24
129,19409c4e7ff03ae48635171289175f0ecfd1b298,master,D:\Desktop\SoftwareEngineering2022\.git,TangShangxuan,2022-05-18 19:46:41
130,89471d6008caacdf77ccd1983dc65386742a9c48,master,D:\Desktop\SoftwareEngineering2022\.git,TangShangxuan,2022-05-19 21:04:54
131,0fcac908507221a451531a6785c1ced397dfd5e6,master,D:\Desktop\SoftwareEngineering2022\.git,WangJiayi,2022-05-19 22:19:23
132,f69154f0be143345c2163971536e05bea3a2fe94,master,D:\Desktop\SoftwareEngineering2022\.git,GongShitao,2022-05-19 22:32:52
133,0c4549c6f9ca3b743d3237bb42138faa15a2d1ca,master,D:\Desktop\SoftwareEngineering2022\.git,GongShitao,2022-05-20 16:55:03
134,4ea4c05e1bf02f962d8e1746ddcb45de24f89b50,master,D:\Desktop\SoftwareEngineering2022\.git,GongShitao,2022-05-21 22:28:31
135,2206c58fd6fda4a2ff1fd8a3eb5c70c81dd99635,master,D:\Desktop\SoftwareEngineering2022\.git,GongShitao,2022-05-21 23:48:58
136,0ba83a5c650b3b8e71955567ad3ad375b95d3eb4,master,D:\Desktop\SoftwareEngineering2022\.git,GongShitao,2022-05-21 23:57:33
137,a04fd37c6c9ecdb8650b9c2a9fbeec7a00e32286,master,D:\Desktop\SoftwareEngineering2022\.git,GongShitao,2022-05-26 16:13:00
138,215a6a384eb6614684b2f87ad06adba5e1366ad2,master,D:\Desktop\SoftwareEngineering2022\.git,GongShitao,2022-05-26 16:16:46
